id,map_id,address,descriptio,pic,link,icon,lat,lng,anim,title,infoopen,category,approved,retina,type,did,sticky,other_data,layergroup,Custom Field: geo_shape,prop_id,Custom Field: addresspt1,Custom Field: addressp_1,asset_clas,asset_type,objectid,Unnamed: 27,addresspt_,asset_subt,model_desc,mcc_id,roadseg_id,Unnamed: 33,model_no
1252358,21,"-37.77939815716074, 144.9601599346738",Sign - Public Transport 1 Panel Bus Stop Type 8,,,,-37.77939816,144.9601599346738,,,0,Bus Stops,1,1,,,,,,"{""coordinates"": [144.9601599346738, -37.77939815716074], ""type"": ""Point""}",0,39.94329877,175,Signage,Sign - Public Transport,19799,,108524,,Sign - Public Transport 1 Panel,1252358,22393,,P.16
1233941,21,"-37.79958533655315, 144.9576673729389",Sign - Public Transport 1 Panel Bus Stop Type 8,,,,-37.79958534,144.9576673729389,,,0,Bus Stops,1,1,,,,,,"{""coordinates"": [144.9576673729389, -37.79958533655315], ""type"": ""Point""}",0,53.64351101,290,Signage,Sign - Public Transport,28127,,633969,,Sign - Public Transport 1 Panel,1233941,22514,,P.16
1252544,21,"-37.789581766621325, 144.9688057046247",Sign - Public Transport 1 Panel Bus Stop Type 8,,,,-37.78958177,144.9688057046247,,,0,Bus Stops,1,1,,,,,,"{""coordinates"": [144.9688057046247, -37.789581766621325], ""type"": ""Point""}",0,0.0,0,Signage,Sign - Public Transport,31096,,0,,Sign - Public Transport 1 Panel,1252544,22508,,P.16
1240839,21,"-37.79731310405415, 144.967955914192",Sign - Public Transport 1 Panel Bus Stop Type 3,,,,-37.7973131,144.9679559,,,0,Bus Stops,1,1,,,,,,"{""coordinates"": [144.967955914192, -37.79731310405415], ""type"": ""Point""}",0,10.9808405,336,Signage,Sign - Public Transport,37956,,103108,,Sign - Public Transport 1 Panel,1240839,20689,,P.16
1248457,21,"-37.80365281271108, 144.9564163595527",Sign - Public Transport 1 Panel Bus Stop Type 8,,,,-37.80365281,144.9564163595527,,,0,Bus Stops,1,1,,,,,,"{""coordinates"": [144.9564163595527, -37.80365281271108], ""type"": ""Point""}",0,18.16455397,21,Signage,Sign - Public Transport,38386,,589314,,Sign - Public Transport 1 Panel,1248457,20942,,P.16
1479426,21,"-37.79790612032, 144.9705713015547",Sign - Public Transport 1 Panel Bus Stop Type 3,,,,-37.79790612,144.9705713015547,,,0,Bus Stops,1,1,,,,,,"{""coordinates"": [144.9705713015547, -37.79790612032], ""type"": ""Point""}",0,26.30246726,335,Signage,Sign - Public Transport,40180,,106271,,Sign - Public Transport 1 Panel,1479426,20563,,P.16
1249788,21,"-37.793726533289785, 144.94716743007305",Sign - Public Transport 1 Panel Bus Stop Type 8,,,,-37.79372653,144.94716743007305,,,0,Bus Stops,1,1,,,,,,"{""coordinates"": [144.94716743007305, -37.793726533289785], ""type"": ""Point""}",0,44.2305064,237,Signage,Sign - Public Transport,2627,,100087,,Sign - Public Transport 1 Panel,1249788,20919,,P.16
1257205,21,"-37.805396239323905, 144.9520285962586",Sign - Public Transport 1 Panel Bus Stop Type 8,,,,-37.80539624,144.9520285962586,,,0,Bus Stops,1,1,,,,,,"{""coordinates"": [144.9520285962586, -37.805396239323905], ""type"": ""Point""}",0,11.15153124,93,Signage,Sign - Public Transport,11093,,533907,,Sign - Public Transport 1 Panel,1257205,20979,,P.16
1234310,21,"-37.790425430580804, 144.94352558479113",Sign - Public Transport 1 Panel Bus Stop Type 8,,,,-37.79042543,144.94352558479113,,,0,Bus Stops,1,1,,,,,,"{""coordinates"": [144.94352558479113, -37.790425430580804], ""type"": ""Point""}",0,30.53653951,68,Signage,Sign - Public Transport,12044,,525732,,Sign - Public Transport 1 Panel,1234310,22425,,P.16
1241441,21,"-37.8003609261965, 144.97442342241808",Sign - Public Transport 1 Panel Bus Stop Type 8,,,,-37.80036093,144.97442342241808,,,0,Bus Stops,1,1,,,,,,"{""coordinates"": [144.97442342241808, -37.8003609261965], ""type"": ""Point""}",0,11.93225984,159,Signage,Sign - Public Transport,15760,,106922,,Sign - Public Transport 1 Panel,1241441,20608,,P.16
1249814,21,"-37.79830746372871, 144.94633943083986",Sign - Public Transport 1 Panel Bus Stop Type 8,,,,-37.79830746,144.94633943083986,,,0,Bus Stops,1,1,,,,,,"{""coordinates"": [144.94633943083986, -37.79830746372871], ""type"": ""Point""}",0,16.62867695,349,Signage,Sign - Public Transport,16213,,516357,,Sign - Public Transport 1 Panel,1249814,22517,,P.16
1240256,21,"-37.804633940884784, 144.9663703776215",Sign - Public Transport 1 Panel Bus Stop Type 3,,,,-37.80463394,144.9663703776215,,,0,Bus Stops,1,1,,,,,,"{""coordinates"": [144.9663703776215, -37.804633940884784], ""type"": ""Point""}",0,5.94289029,342,Signage,Sign - Public Transport,16844,,522527,,Sign - Public Transport 1 Panel,1240256,20524,,P.16
1240314,21,"-37.80111524772101, 144.96674878780823",Sign - Public Transport 1 Panel Bus Stop Type 3,,,,-37.80111525,144.96674878780823,,,0,Bus Stops,1,1,,,,,,"{""coordinates"": [144.96674878780823, -37.80111524772101], ""type"": ""Point""}",0,5.22849577,179,Signage,Sign - Public Transport,17860,,106109,,Sign - Public Transport 1 Panel,1240314,20530,,P.16
1233408,21,"-37.79412896547033, 144.96811766271057",Sign - Public Transport 1 Panel Bus Stop Type 8,,,,-37.79412897,144.96811766271057,,,0,Bus Stops,1,1,,,,,,"{""coordinates"": [144.96811766271057, -37.79412896547033], ""type"": ""Point""}",0,49.91185911,140,Signage,Sign - Public Transport,26046,,522611,,Sign - Public Transport 1 Panel,1233408,20538,,P.16
1251688,21,"-37.8032564323768, 144.9495344838827",Sign - Public Transport 1 Panel Bus Stop Type 8,,,,-37.80325643,144.9495344838827,,,0,Bus Stops,1,1,,,,,,"{""coordinates"": [144.9495344838827, -37.8032564323768], ""type"": ""Point""}",0,10.78174874,176,Signage,Sign - Public Transport,37223,,103419,,Sign - Public Transport 1 Panel,1251688,20992,,P.16
1251191,21,"-37.80299443103376, 144.94943962445097",Sign - Public Transport 1 Panel Bus Stop Type 8,,,,-37.80299443,144.94943962445095,,,0,Bus Stops,1,1,,,,,,"{""coordinates"": [144.94943962445097, -37.80299443103376], ""type"": ""Point""}",0,13.28562306,115,Signage,Sign - Public Transport,40452,,107995,,Sign - Public Transport 1 Panel,1251191,20999,,P.16
1253133,21,"-37.792625873556105, 144.9707824588029",Sign - Public Transport 1 Panel Bus Stop Type 11,,,,-37.79262587,144.9707824588029,,,0,Bus Stops,1,1,,,,,,"{""coordinates"": [144.9707824588029, -37.792625873556105], ""type"": ""Point""}",0,63.9429482,349,Signage,Sign - Public Transport,8772,,600791,,Sign - Public Transport 1 Panel,1253133,20643,,P.16
1579768,21,"-37.79540178497472, 144.95784312709472",Sign - Public Transport 1 Panel Bus Stop Type 1,,,,-37.79540178,144.95784312709472,,,0,Bus Stops,1,1,,,,,,"{""coordinates"": [144.95784312709472, -37.79540178497472], ""type"": ""Point""}",0,9.30560783,187,Signage,Sign - Public Transport,13613,,108458,,Sign - Public Transport 1 Panel,1579768,22363,,P.16
1252350,21,"-37.78171322662849, 144.95986499626397",Sign - Public Transport 1 Panel Bus Stop Type 8,,,,-37.78171323,144.95986499626397,,,0,Bus Stops,1,1,,,,,,"{""coordinates"": [144.95986499626397, -37.78171322662849], ""type"": ""Point""}",0,43.85386076,148,Signage,Sign - Public Transport,13819,,529140,,Sign - Public Transport 1 Panel,1252350,22386,,P.16
1579933,21,"-37.79854435502073, 144.95795135251927",Sign - Public Transport 1 Panel Bus Stop Type 1,,,,-37.79854436,144.95795135251927,,,0,Bus Stops,1,1,,,,,,"{""coordinates"": [144.95795135251927, -37.79854435502073], ""type"": ""Point""}",0,51.88217484,77,Signage,Sign - Public Transport,19870,,638052,,Sign - Public Transport 1 Panel,1579933,22514,,P.16
1233949,21,"-37.798108329885295, 144.9578453614485",Sign - Public Transport 1 Panel Bus Stop Type 8,,,,-37.79810833,144.9578453614485,,,0,Bus Stops,1,1,,,,,,"{""coordinates"": [144.9578453614485, -37.798108329885295], ""type"": ""Point""}",0,22.05054616,6,Signage,Sign - Public Transport,22726,,638052,,Sign - Public Transport 1 Panel,1233949,22514,,P.16
1247785,21,"-37.79497661521105, 144.9707989948912",Sign - Public Transport 1 Panel Bus Stop Type 3,,,,-37.79497662,144.9707989948912,,,0,Bus Stops,1,1,,,,,,"{""coordinates"": [144.9707989948912, -37.79497661521105], ""type"": ""Point""}",0,30.59613969,327,Signage,Sign - Public Transport,23919,,623854,,Sign - Public Transport 1 Panel,1247785,20570,,P.16
1250696,21,"-37.797551357061536, 144.95245038881728",Sign - Public Transport 1 Panel Bus Stop Type 8,,,,-37.79755136,144.95245038881728,,,0,Bus Stops,1,1,,,,,,"{""coordinates"": [144.95245038881728, -37.797551357061536], ""type"": ""Point""}",0,29.49941527,72,Signage,Sign - Public Transport,26825,,570634,,Sign - Public Transport 1 Panel,1250696,22690,,P.16
1257006,21,"-37.80566084284532, 144.9434254553253",Sign - Public Transport 1 Panel Bus Stop Type 13,,,,-37.80566084,144.9434254553253,,,0,Bus Stops,1,1,,,,,,"{""coordinates"": [144.9434254553253, -37.80566084284532], ""type"": ""Point""}",0,3.55930387,210,Signage,Sign - Public Transport,27645,,108897,,Sign - Public Transport 1 Panel,1257006,21343,,P.16
1241401,21,"-37.79800228540994, 144.9743090963708",Sign - Public Transport 1 Panel Bus Stop Type 3,,,,-37.79800229,144.9743090963708,,,0,Bus Stops,1,1,,,,,,"{""coordinates"": [144.9743090963708, -37.79800228540994], ""type"": ""Point""}",0,3.99804952,220,Signage,Sign - Public Transport,30102,,511049,,Sign - Public Transport 1 Panel,1241401,20597,,P.16
1257190,21,"-37.80557177648884, 144.95351041136576",Sign - Public Transport 1 Panel Bus Stop Type 8,,,,-37.80557178,144.95351041136576,,,0,Bus Stops,1,1,,,,,,"{""coordinates"": [144.95351041136576, -37.80557177648884], ""type"": ""Point""}",0,17.83195393,133,Signage,Sign - Public Transport,30512,,109819,,Sign - Public Transport 1 Panel,1257190,20960,,P.16
1248508,21,"-37.79991202015577, 144.95743395487568",Sign - Public Transport 1 Panel Bus Stop Type 8,,,,-37.79991202,144.95743395487568,,,0,Bus Stops,1,1,,,,,,"{""coordinates"": [144.95743395487568, -37.79991202015577], ""type"": ""Point""}",0,40.31790809,340,Signage,Sign - Public Transport,32141,,633969,,Sign - Public Transport 1 Panel,1248508,21551,,P.16
1575551,21,"-37.80077767616837, 144.96646752265008",Sign - Public Transport 1 Panel Bus Stop Type 1,,,,-37.80077768,144.96646752265008,,,0,Bus Stops,1,1,,,,,,"{""coordinates"": [144.96646752265008, -37.80077767616837], ""type"": ""Point""}",0,6.80612614,297,Signage,Sign - Public Transport,32819,,515675,,Sign - Public Transport 1 Panel,1575551,20757,,P.16
1252536,21,"-37.78737016259562, 144.96918092237397",Sign - Public Transport 1 Panel Bus Stop Type 8,,,,-37.78737016,144.96918092237397,,,0,Bus Stops,1,1,,,,,,"{""coordinates"": [144.96918092237397, -37.78737016259562], ""type"": ""Point""}",0,0.0,0,Signage,Sign - Public Transport,39748,,0,,Sign - Public Transport 1 Panel,1252536,22508,,P.16
1244489,21,"-37.77687767673642, 144.94947531108608",Sign - Public Transport 1 Panel Bus Stop Type 8,,,,-37.77687768,144.94947531108608,,,0,Bus Stops,1,1,,,,,,"{""coordinates"": [144.94947531108608, -37.77687767673642], ""type"": ""Point""}",0,13.72525672,178,Signage,Sign - Public Transport,40010,,639767,,Sign - Public Transport 1 Panel,1244489,22398,,P.16
1249762,21,"-37.796717481892664, 144.94652849185758",Sign - Public Transport 1 Panel Bus Stop Type 8,,,,-37.79671748,144.94652849185758,,,0,Bus Stops,1,1,,,,,,"{""coordinates"": [144.94652849185758, -37.796717481892664], ""type"": ""Point""}",0,14.59503731,215,Signage,Sign - Public Transport,40643,,565421,,Sign - Public Transport 1 Panel,1249762,20907,,P.16
1234772,21,"-37.79582851441957, 144.94131248652099",Sign - Public Transport 1 Panel Bus Stop Type 12,,,,-37.79582851,144.941312486521,,,0,Bus Stops,1,1,,,,,,"{""coordinates"": [144.94131248652099, -37.79582851441957], ""type"": ""Point""}",0,23.9508819,78,Signage,Sign - Public Transport,42403,,617311,,Sign - Public Transport 1 Panel,1234772,21324,,P.16
1240253,21,"-37.80516590907756, 144.9660313973566",Sign - Public Transport 1 Panel Bus Stop Type 3,,,,-37.80516591,144.9660313973566,,,0,Bus Stops,1,1,,,,,,"{""coordinates"": [144.9660313973566, -37.80516590907756], ""type"": ""Point""}",0,13.87881868,251,Signage,Sign - Public Transport,43543,,521664,,Sign - Public Transport 1 Panel,1240253,20522,,P.16
1252307,21,"-37.792410297921826, 144.95854327429197",Sign - Public Transport 1 Panel Bus Stop Type 8,,,,-37.7924103,144.95854327429197,,,0,Bus Stops,1,1,,,,,,"{""coordinates"": [144.95854327429197, -37.792410297921826], ""type"": ""Point""}",0,57.00969655,177,Signage,Sign - Public Transport,27861,,515020,,Sign - Public Transport 1 Panel,1252307,22372,,P.16
1479417,21,"-37.80067995380995, 144.96981348058867",Sign - Public Transport 1 Panel Bus Stop Type 3,,,,-37.80067995,144.96981348058867,,,0,Bus Stops,1,1,,,,,,"{""coordinates"": [144.96981348058867, -37.80067995380995], ""type"": ""Point""}",0,5.58301084,149,Signage,Sign - Public Transport,31576,,528486,,Sign - Public Transport 1 Panel,1479417,20561,,P.16
1581811,21,"-37.798900728955765, 144.94922621224848",Sign - Public Transport 1 Panel Bus Stop Type 1,,,,-37.79890073,144.94922621224848,,,0,Bus Stops,1,1,,,,,,"{""coordinates"": [144.94922621224848, -37.798900728955765], ""type"": ""Point""}",0,7.78996688,331,Signage,Sign - Public Transport,36903,,104577,,Sign - Public Transport 1 Panel,1581811,21148,,P.16
1257184,21,"-37.80568178285169, 144.9538874178126",Sign - Public Transport 1 Panel Bus Stop Type 8,,,,-37.80568178,144.9538874178126,,,0,Bus Stops,1,1,,,,,,"{""coordinates"": [144.9538874178126, -37.80568178285169], ""type"": ""Point""}",0,13.19581543,295,Signage,Sign - Public Transport,6253,,533738,,Sign - Public Transport 1 Panel,1257184,20951,,P.16
1247701,21,"-37.793085802097636, 144.97495851135966",Sign - Public Transport 1 Panel Bus Stop Type 11,,,,-37.7930858,144.97495851135966,,,0,Bus Stops,1,1,,,,,,"{""coordinates"": [144.97495851135966, -37.793085802097636], ""type"": ""Point""}",0,13.45065798,218,Signage,Sign - Public Transport,15742,,109095,,Sign - Public Transport 1 Panel,1247701,20627,,P.16
1575590,21,"-37.80000725498236, 144.96097934573706",Sign - Public Transport 1 Panel Bus Stop Type 1,,,,-37.80000725,144.96097934573706,,,0,Bus Stops,1,1,,,,,,"{""coordinates"": [144.96097934573706, -37.80000725498236], ""type"": ""Point""}",0,39.38772297,296,Signage,Sign - Public Transport,5005,,518481,,Sign - Public Transport 1 Panel,1575590,20461,,P.16
1249876,21,"-37.79859348300079, 144.94845845599968",Sign - Public Transport 1 Panel Bus Stop Type 12,,,,-37.79859348,144.94845845599968,,,0,Bus Stops,1,1,,,,,,"{""coordinates"": [144.94845845599968, -37.79859348300079], ""type"": ""Point""}",0,42.16823981,297,Signage,Sign - Public Transport,8970,,638970,,Sign - Public Transport 1 Panel,1249876,21168,,P.16
1575585,21,"-37.800561849475905, 144.96449089849344",Sign - Public Transport 1 Panel Bus Stop Type 1,,,,-37.80056185,144.96449089849344,,,0,Bus Stops,1,1,,,,,,"{""coordinates"": [144.96449089849344, -37.800561849475905], ""type"": ""Point""}",0,32.12911779,42,Signage,Sign - Public Transport,9175,,104469,,Sign - Public Transport 1 Panel,1575585,22506,,P.16
1240396,21,"-37.803343440196116, 144.9693670992385",Sign - Public Transport 1 Panel Bus Stop Type 3,,,,-37.80334344,144.9693670992385,,,0,Bus Stops,1,1,,,,,,"{""coordinates"": [144.9693670992385, -37.803343440196116], ""type"": ""Point""}",0,10.91445028,117,Signage,Sign - Public Transport,16758,,612989,,Sign - Public Transport 1 Panel,1240396,20556,,P.16
1257193,21,"-37.80551491970227, 144.9523962734518",Sign - Public Transport 1 Panel Bus Stop Type 8,,,,-37.80551492,144.9523962734518,,,0,Bus Stops,1,1,,,,,,"{""coordinates"": [144.9523962734518, -37.80551491970227], ""type"": ""Point""}",0,11.36276208,266,Signage,Sign - Public Transport,31129,,517080,,Sign - Public Transport 1 Panel,1257193,20960,,P.16
1251669,21,"-37.80496835121376, 144.94935083669122",Sign - Public Transport 1 Panel Bus Stop Type 8,,,,-37.80496835,144.94935083669122,,,0,Bus Stops,1,1,,,,,,"{""coordinates"": [144.94935083669122, -37.80496835121376], ""type"": ""Point""}",0,9.4436089,4,Signage,Sign - Public Transport,36112,,512269,,Sign - Public Transport 1 Panel,1251669,20992,,P.16
1234022,21,"-37.79270227455465, 144.95831424644234",Sign - Public Transport 1 Panel Bus Stop Type 8,,,,-37.79270227,144.95831424644234,,,0,Bus Stops,1,1,,,,,,"{""coordinates"": [144.95831424644234, -37.79270227455465], ""type"": ""Point""}",0,34.40210408,222,Signage,Sign - Public Transport,38641,,108487,,Sign - Public Transport 1 Panel,1234022,22372,,P.16
1240744,21,"-37.79898487483806, 144.96733940321963",Sign - Public Transport 1 Panel Bus Stop Type 3,,,,-37.79898487,144.96733940321965,,,0,Bus Stops,1,1,,,,,,"{""coordinates"": [144.96733940321963, -37.79898487483806], ""type"": ""Point""}",0,5.91725485,357,Signage,Sign - Public Transport,42233,,106200,,Sign - Public Transport 1 Panel,1240744,20532,,P.16
1575501,21,"-37.800456485496696, 144.96510004696515",Sign - Public Transport 1 Panel Bus Stop Type 1,,,,-37.80045649,144.96510004696515,,,0,Bus Stops,1,1,,,,,,"{""coordinates"": [144.96510004696515, -37.800456485496696], ""type"": ""Point""}",0,28.06452572,292,Signage,Sign - Public Transport,12890,,597172,,Sign - Public Transport 1 Panel,1575501,22506,,P.16
1252413,21,"-37.790034182492505, 144.95863808667602",Sign - Public Transport 1 Panel Bus Stop Type 8,,,,-37.79003418,144.95863808667602,,,0,Bus Stops,1,1,,,,,,"{""coordinates"": [144.95863808667602, -37.790034182492505], ""type"": ""Point""}",0,21.00980919,175,Signage,Sign - Public Transport,13187,,529024,,Sign - Public Transport 1 Panel,1252413,22374,,P.16
1545853,21,"-37.8047924247435, 144.969120352164",Sign - Public Transport 1 Panel Bus Stop Type 3,,,,-37.80479242,144.9691204,,,0,Bus Stops,1,1,,,,,,"{""coordinates"": [144.969120352164, -37.8047924247435], ""type"": ""Point""}",0,5.69670571,226,Signage,Sign - Public Transport,20050,,633312,,Sign - Public Transport 1 Panel,1545853,20556,,P.16
1234089,21,"-37.79382711275603, 144.9712669861909",Sign - Public Transport 1 Panel Bus Stop Type 3,,,,-37.79382711,144.9712669861909,,,0,Bus Stops,1,1,,,,,,"{""coordinates"": [144.9712669861909, -37.79382711275603], ""type"": ""Point""}",0,3.80221475,321,Signage,Sign - Public Transport,12205,,108220,,Sign - Public Transport 1 Panel,1234089,20639,,P.16
1240329,21,"-37.80256698905951, 144.96650544429707",Sign - Public Transport 1 Panel Bus Stop Type 3,,,,-37.80256699,144.96650544429707,,,0,Bus Stops,1,1,,,,,,"{""coordinates"": [144.96650544429707, -37.80256698905951], ""type"": ""Point""}",0,24.94990559,346,Signage,Sign - Public Transport,13491,,627268,,Sign - Public Transport 1 Panel,1240329,20528,,P.16
1252331,21,"-37.78766752944717, 144.95913336071771",Sign - Public Transport 1 Panel Bus Stop Type 8,,,,-37.78766753,144.95913336071771,,,0,Bus Stops,1,1,,,,,,"{""coordinates"": [144.95913336071771, -37.78766752944717], ""type"": ""Point""}",0,53.92558496,132,Signage,Sign - Public Transport,20790,,529045,,Sign - Public Transport 1 Panel,1252331,22433,,P.16
1241410,21,"-37.797718982545234, 144.97371355429843",Sign - Public Transport 1 Panel Bus Stop Type 3,,,,-37.79771898,144.97371355429843,,,0,Bus Stops,1,1,,,,,,"{""coordinates"": [144.97371355429843, -37.797718982545234], ""type"": ""Point""}",0,27.13230305,262,Signage,Sign - Public Transport,26637,,103056,,Sign - Public Transport 1 Panel,1241410,20597,,P.16
1576816,21,"-37.799222676258466, 144.95073019282864",Sign - Public Transport 1 Panel Bus Stop Type 1,,,,-37.79922268,144.95073019282864,,,0,Bus Stops,1,1,,,,,,"{""coordinates"": [144.95073019282864, -37.799222676258466], ""type"": ""Point""}",0,53.80754171,331,Signage,Sign - Public Transport,30396,,508949,,Sign - Public Transport 1 Panel,1576816,22684,,P.16
1249845,21,"-37.79836645634628, 144.94459154393613",Sign - Public Transport 1 Panel Bus Stop Type 12,,,,-37.79836646,144.94459154393613,,,0,Bus Stops,1,1,,,,,,"{""coordinates"": [144.94459154393613, -37.79836645634628], ""type"": ""Point""}",0,33.08519101,348,Signage,Sign - Public Transport,35336,,104584,,Sign - Public Transport 1 Panel,1249845,21166,,P.16
1251360,21,"-37.800676522454324, 144.94582553723103",Sign - Public Transport 1 Panel Bus Stop Type 8,,,,-37.80067652,144.94582553723103,,,0,Bus Stops,1,1,,,,,,"{""coordinates"": [144.94582553723103, -37.800676522454324], ""type"": ""Point""}",0,23.36010884,320,Signage,Sign - Public Transport,36745,,100115,,Sign - Public Transport 1 Panel,1251360,22681,,P.16
1248528,21,"-37.801527048931604, 144.9567967131992",Sign - Public Transport 1 Panel Bus Stop Type 8,,,,-37.80152705,144.9567967131992,,,0,Bus Stops,1,1,,,,,,"{""coordinates"": [144.9567967131992, -37.801527048931604], ""type"": ""Point""}",0,24.91047603,173,Signage,Sign - Public Transport,37802,,107520,,Sign - Public Transport 1 Panel,1248528,20594,,P.16
1576818,21,"-37.79987669561117, 144.9500539642789",Sign - Public Transport 1 Panel Bus Stop Type 1,,,,-37.7998767,144.9500539642789,,,0,Bus Stops,1,1,,,,,,"{""coordinates"": [144.9500539642789, -37.79987669561117], ""type"": ""Point""}",0,5.4150398,226,Signage,Sign - Public Transport,44096,,103446,,Sign - Public Transport 1 Panel,1576818,21176,,P.16
1234690,21,"-37.79905748382394, 144.93989360176752",Sign - Public Transport 1 Panel Bus Stop Type 5,,,,-37.79905748,144.93989360176752,,,0,Bus Stops,1,1,,,,,,"{""coordinates"": [144.93989360176752, -37.79905748382394], ""type"": ""Point""}",0,89.61471514,138,Signage,Sign - Public Transport,11651,,104492,,Sign - Public Transport 1 Panel,1234690,21297,,P.16
1247820,21,"-37.79262854511814, 144.9682820983283",Sign - Public Transport 1 Panel Bus Stop Type 8,,,,-37.79262855,144.9682820983283,,,0,Bus Stops,1,1,,,,,,"{""coordinates"": [144.9682820983283, -37.79262854511814], ""type"": ""Point""}",0,19.15980501,348,Signage,Sign - Public Transport,14196,,555950,,Sign - Public Transport 1 Panel,1247820,20540,,P.16
1260438,21,"-37.80231431723276, 144.96676746744464",Sign - Public Transport 1 Panel Bus Stop Type 11,,,,-37.80231432,144.96676746744464,,,0,Bus Stops,1,1,,,,,,"{""coordinates"": [144.96676746744464, -37.80231431723276], ""type"": ""Point""}",0,5.70821032,360,Signage,Sign - Public Transport,14622,,627281,,Sign - Public Transport 1 Panel,1260438,20528,,P.16
1233165,21,"-37.8006162471606, 144.9665441831767",Sign - Public Transport 1 Panel Bus Stop Type 12,,,,-37.80061625,144.9665441831767,,,0,Bus Stops,1,1,,,,,,"{""coordinates"": [144.9665441831767, -37.8006162471606], ""type"": ""Point""}",0,11.23104145,140,Signage,Sign - Public Transport,15525,,545460,,Sign - Public Transport 1 Panel,1233165,20757,,P.16
1240886,21,"-37.79776685417041, 144.97031833233382",Sign - Public Transport 1 Panel Bus Stop Type 3,,,,-37.79776685,144.97031833233382,,,0,Bus Stops,1,1,,,,,,"{""coordinates"": [144.97031833233382, -37.79776685417041], ""type"": ""Point""}",0,19.03739399,101,Signage,Sign - Public Transport,19576,,103091,,Sign - Public Transport 1 Panel,1240886,20563,,P.16
1243850,21,"-37.799621670449625, 144.95568431062944",Sign - Public Transport 1 Panel Bus Stop Type 12,,,,-37.79962167,144.95568431062944,,,0,Bus Stops,1,1,,,,,,"{""coordinates"": [144.95568431062944, -37.799621670449625], ""type"": ""Point""}",0,73.19158958,228,Signage,Sign - Public Transport,21274,,103813,,Sign - Public Transport 1 Panel,1243850,21552,,P.16
1249933,21,"-37.79862363935187, 144.9467915427181",Sign - Public Transport 1 Panel Bus Stop Type 12,,,,-37.79862364,144.9467915427181,,,0,Bus Stops,1,1,,,,,,"{""coordinates"": [144.9467915427181, -37.79862363935187], ""type"": ""Point""}",0,27.65118958,79,Signage,Sign - Public Transport,26601,,516364,,Sign - Public Transport 1 Panel,1249933,21168,,P.16
1234750,21,"-37.795210432231336, 144.9362942830282",Sign - Public Transport 1 Panel Bus Stop Type 12,,,,-37.79521043,144.9362942830282,,,0,Bus Stops,1,1,,,,,,"{""coordinates"": [144.9362942830282, -37.795210432231336], ""type"": ""Point""}",0,18.1287082,75,Signage,Sign - Public Transport,29970,,633265,,Sign - Public Transport 1 Panel,1234750,21287,,P.16
1572477,21,"-37.80432561240479, 144.96947035841606",Sign - Public Transport 1 Panel Bus Stop Type 1,,,,-37.80432561,144.96947035841606,,,0,Bus Stops,1,1,,,,,,"{""coordinates"": [144.96947035841606, -37.80432561240479], ""type"": ""Point""}",0,29.46722145,197,Signage,Sign - Public Transport,31969,,528455,,Sign - Public Transport 1 Panel,1572477,20556,,P.16
1574565,21,"-37.79784952551261, 144.94139186459046",Sign - Public Transport 1 Panel Bus Stop Type 1,,,,-37.79784953,144.94139186459046,,,0,Bus Stops,1,1,,,,,,"{""coordinates"": [144.94139186459046, -37.79784952551261], ""type"": ""Point""}",0,33.07308528,8,Signage,Sign - Public Transport,35830,,522795,,Sign - Public Transport 1 Panel,1574565,21329,,P.16
1250987,21,"-37.80294344100893, 144.94833854164688",Sign - Public Transport 1 Panel Bus Stop Type 8,,,,-37.80294344,144.94833854164688,,,0,Bus Stops,1,1,,,,,,"{""coordinates"": [144.94833854164688, -37.80294344100893], ""type"": ""Point""}",0,13.95688103,296,Signage,Sign - Public Transport,37146,,107926,,Sign - Public Transport 1 Panel,1250987,20999,,P.16
1249790,21,"-37.794106459808795, 144.94708934299945",Sign - Public Transport 1 Panel Bus Stop Type 8,,,,-37.79410646,144.94708934299945,,,0,Bus Stops,1,1,,,,,,"{""coordinates"": [144.94708934299945, -37.794106459808795], ""type"": ""Point""}",0,18.82231189,179,Signage,Sign - Public Transport,38019,,100086,,Sign - Public Transport 1 Panel,1249790,21235,,P.16
1233956,21,"-37.795521349230825, 144.9581692891698",Sign - Public Transport 1 Panel Bus Stop Type 8,,,,-37.79552135,144.9581692891698,,,0,Bus Stops,1,1,,,,,,"{""coordinates"": [144.9581692891698, -37.795521349230825], ""type"": ""Point""}",0,39.14668738,171,Signage,Sign - Public Transport,40097,,108457,,Sign - Public Transport 1 Panel,1233956,22363,,P.16
1234035,21,"-37.79564535738303, 144.95795134835055",Sign - Public Transport 1 Panel Bus Stop Type 8,,,,-37.79564536,144.95795134835055,,,0,Bus Stops,1,1,,,,,,"{""coordinates"": [144.95795134835055, -37.79564535738303], ""type"": ""Point""}",0,22.21865455,158,Signage,Sign - Public Transport,40559,,108456,,Sign - Public Transport 1 Panel,1234035,22603,,P.16
1244570,21,"-37.78077459328419, 144.95138857277198",Sign - Public Transport 1 Panel Bus Stop Type 8,,,,-37.78077459,144.95138857277198,,,0,Bus Stops,1,1,,,,,,"{""coordinates"": [144.95138857277198, -37.78077459328419], ""type"": ""Point""}",107426,55.8251505,306,Signage,Sign - Public Transport,7176,,111342,,Sign - Public Transport 1 Panel,1244570,0,,P.16
1479415,21,"-37.80682386961907, 144.96904254818034",Sign - Public Transport 1 Panel Bus Stop Type 3,,,,-37.80682387,144.96904254818034,,,0,Bus Stops,1,1,,,,,,"{""coordinates"": [144.96904254818034, -37.80682386961907], ""type"": ""Point""}",0,36.15343504,132,Signage,Sign - Public Transport,21835,,108148,,Sign - Public Transport 1 Panel,1479415,20554,,P.16
1240772,21,"-37.79733528507864, 144.96751272850565",Sign - Public Transport 1 Panel Bus Stop Type 3,,,,-37.79733529,144.96751272850565,,,0,Bus Stops,1,1,,,,,,"{""coordinates"": [144.96751272850565, -37.79733528507864], ""type"": ""Point""}",0,14.94684087,183,Signage,Sign - Public Transport,35668,,521784,,Sign - Public Transport 1 Panel,1240772,20534,,P.16
1241059,21,"-37.79763449349572, 144.9709158095715",Sign - Public Transport 1 Panel Bus Stop Type 3,,,,-37.79763449,144.9709158095715,,,0,Bus Stops,1,1,,,,,,"{""coordinates"": [144.9709158095715, -37.79763449349572], ""type"": ""Point""}",0,2.64726141,258,Signage,Sign - Public Transport,42605,,511095,,Sign - Public Transport 1 Panel,1241059,20654,,P.16
1240745,21,"-37.79898487483806, 144.96733940321963",Sign - Public Transport 1 Panel Bus Stop Type 5,,,,-37.79898487,144.96733940321965,,,0,Bus Stops,1,1,,,,,,"{""coordinates"": [144.96733940321963, -37.79898487483806], ""type"": ""Point""}",0,5.91725485,357,Signage,Sign - Public Transport,42754,,106200,,Sign - Public Transport 1 Panel,1240745,20532,,P.16
1250659,21,"-37.79676938692483, 144.95134039251514",Sign - Public Transport 1 Panel Bus Stop Type 8,,,,-37.79676939,144.95134039251514,,,0,Bus Stops,1,1,,,,,,"{""coordinates"": [144.95134039251514, -37.79676938692483], ""type"": ""Point""}",0,32.27346068,265,Signage,Sign - Public Transport,519,,103829,,Sign - Public Transport 1 Panel,1250659,22312,,P.16
1252402,21,"-37.78793737975755, 144.95889110591565",Sign - Public Transport 1 Panel Bus Stop Type 8,,,,-37.78793738,144.95889110591563,,,0,Bus Stops,1,1,,,,,,"{""coordinates"": [144.95889110591565, -37.78793737975755], ""type"": ""Point""}",0,25.23462908,211,Signage,Sign - Public Transport,1986,,529044,,Sign - Public Transport 1 Panel,1252402,22434,,P.16
1577586,21,"-37.79968851043426, 144.9639691590254",Sign - Public Transport 1 Panel Bus Stop Type 1,,,,-37.79968851,144.9639691590254,,,0,Bus Stops,1,1,,,,,,"{""coordinates"": [144.9639691590254, -37.79968851043426], ""type"": ""Point""}",0,77.70795407,63,Signage,Sign - Public Transport,2661,,597993,,Sign - Public Transport 1 Panel,1577586,20490,,P.16
1579790,21,"-37.792870646661946, 144.9582953024578",Sign - Public Transport 1 Panel Bus Stop Type 1,,,,-37.79287065,144.9582953024578,,,0,Bus Stops,1,1,,,,,,"{""coordinates"": [144.9582953024578, -37.792870646661946], ""type"": ""Point""}",0,24.74038894,190,Signage,Sign - Public Transport,4333,,108487,,Sign - Public Transport 1 Panel,1579790,22607,,P.16
1576516,21,"-37.800722007959905, 144.95348448450386",Sign - Public Transport 1 Panel Bus Stop Type 1,,,,-37.80072201,144.95348448450386,,,0,Bus Stops,1,1,,,,,,"{""coordinates"": [144.95348448450386, -37.800722007959905], ""type"": ""Point""}",0,3.92515286,172,Signage,Sign - Public Transport,4750,,110256,,Sign - Public Transport 1 Panel,1576516,21124,,P.16
1248450,21,"-37.80570689100192, 144.9560804373352",Sign - Public Transport 1 Panel Bus Stop Type 8,,,,-37.80570689,144.9560804373352,,,0,Bus Stops,1,1,,,,,,"{""coordinates"": [144.9560804373352, -37.80570689100192], ""type"": ""Point""}",0,17.476656,336,Signage,Sign - Public Transport,9652,,533963,,Sign - Public Transport 1 Panel,1248450,20937,,P.16
1574992,21,"-37.79509600016651, 144.9365369758595",Sign - Public Transport 1 Panel Bus Stop Type 5,,,,-37.795096,144.9365369758595,,,0,Bus Stops,1,1,,,,,,"{""coordinates"": [144.9365369758595, -37.79509600016651], ""type"": ""Point""}",0,12.01896372,5,Signage,Sign - Public Transport,10200,,617411,,Sign - Public Transport 1 Panel,1574992,21319,,P.16
1370845,21,"-37.79897960292701, 144.96712273999506",Sign - Public Transport 1 Panel Bus Stop Type 12,,,,-37.7989796,144.96712273999506,,,0,Bus Stops,1,1,,,,,,"{""coordinates"": [144.96712273999506, -37.79897960292701], ""type"": ""Point""}",0,8.32735258,130,Signage,Sign - Public Transport,14049,,106140,,Sign - Public Transport 1 Panel,1370845,20532,,P.16
1234285,21,"-37.79047682105318, 144.9434649962317",Sign - Public Transport 1 Panel Bus Stop Type 8,,,,-37.79047682,144.9434649962317,,,0,Bus Stops,1,1,,,,,,"{""coordinates"": [144.9434649962317, -37.79047682105318], ""type"": ""Point""}",0,26.51849472,231,Signage,Sign - Public Transport,15288,,103889,,Sign - Public Transport 1 Panel,1234285,22425,,P.16
1247685,21,"-37.79525280570435, 144.9752954554172",Sign - Public Transport 1 Panel Bus Stop Type 8,,,,-37.79525281,144.9752954554172,,,0,Bus Stops,1,1,,,,,,"{""coordinates"": [144.9752954554172, -37.79525280570435], ""type"": ""Point""}",0,14.87211663,189,Signage,Sign - Public Transport,18998,,517620,,Sign - Public Transport 1 Panel,1247685,20884,,P.16
1238699,21,"-37.807098946090186, 144.95582136066648",Sign - Public Transport 1 Panel Bus Stop Type 8,,,,-37.80709895,144.95582136066648,,,0,Bus Stops,1,1,,,,,,"{""coordinates"": [144.95582136066648, -37.807098946090186], ""type"": ""Point""}",0,20.249339,349,Signage,Sign - Public Transport,22969,,528064,,Sign - Public Transport 1 Panel,1238699,22659,,P.16
1252992,21,"-37.805930935910226, 144.95622134831407",Sign - Public Transport 1 Panel Bus Stop Type 8,,,,-37.80593094,144.95622134831407,,,0,Bus Stops,1,1,,,,,,"{""coordinates"": [144.95622134831407, -37.805930935910226], ""type"": ""Point""}",0,16.62010184,305,Signage,Sign - Public Transport,23110,,533712,,Sign - Public Transport 1 Panel,1252992,22673,,P.16
1558506,21,"-37.79371580698226, 144.97101530838722",Sign - Public Transport 1 Panel Bus Stop Type 1,,,,-37.79371581,144.97101530838722,,,0,Bus Stops,1,1,,,,,,"{""coordinates"": [144.97101530838722, -37.79371580698226], ""type"": ""Point""}",0,27.45809261,341,Signage,Sign - Public Transport,24087,,533653,,Sign - Public Transport 1 Panel,1558506,20639,,P.16
1250974,21,"-37.80265362097663, 144.9457021570429",Sign - Public Transport 1 Panel Bus Stop Type 8,,,,-37.80265362,144.9457021570429,,,0,Bus Stops,1,1,,,,,,"{""coordinates"": [144.9457021570429, -37.80265362097663], ""type"": ""Point""}",0,14.06489762,297,Signage,Sign - Public Transport,28452,,107942,,Sign - Public Transport 1 Panel,1250974,21015,,P.16
1370842,21,"-37.7929305017464, 144.96772679755713",Sign - Public Transport 1 Panel Bus Stop Type 12,,,,-37.7929305,144.96772679755713,,,0,Bus Stops,1,1,,,,,,"{""coordinates"": [144.96772679755713, -37.7929305017464], ""type"": ""Point""}",0,51.96336041,303,Signage,Sign - Public Transport,28943,,106169,,Sign - Public Transport 1 Panel,1370842,20773,,P.16
1251207,21,"-37.80282843793904, 144.9479395483275",Sign - Public Transport 1 Panel Bus Stop Type 8,,,,-37.80282844,144.9479395483275,,,0,Bus Stops,1,1,,,,,,"{""coordinates"": [144.9479395483275, -37.80282843793904], ""type"": ""Point""}",0,13.53262428,123,Signage,Sign - Public Transport,29192,,107985,,Sign - Public Transport 1 Panel,1251207,21015,,P.16
1567474,21,"-37.79943557392906, 144.95572044672738",Sign - Public Transport 1 Panel Bus Stop Type 8,,,,-37.79943557,144.95572044672738,,,0,Bus Stops,1,1,,,,,,"{""coordinates"": [144.95572044672738, -37.79943557392906], ""type"": ""Point""}",0,91.2385968,236,Signage,Sign - Public Transport,31009,,103813,,Sign - Public Transport 1 Panel,1567474,21552,,P.16
1251350,21,"-37.80241749595982, 144.94561852036114",Sign - Public Transport 1 Panel Bus Stop Type 8,,,,-37.8024175,144.94561852036114,,,0,Bus Stops,1,1,,,,,,"{""coordinates"": [144.94561852036114, -37.80241749595982], ""type"": ""Point""}",0,20.59051418,53,Signage,Sign - Public Transport,33927,,100121,,Sign - Public Transport 1 Panel,1251350,22678,,P.16
1574991,21,"-37.79509600016651, 144.9365369758595",Sign - Public Transport 1 Panel Bus Stop Type 4,,,,-37.795096,144.9365369758595,,,0,Bus Stops,1,1,,,,,,"{""coordinates"": [144.9365369758595, -37.79509600016651], ""type"": ""Point""}",0,12.01896372,5,Signage,Sign - Public Transport,35413,,617411,,Sign - Public Transport 1 Panel,1574991,21319,,P.16
1233409,21,"-37.79700526969341, 144.96762216850632",Sign - Public Transport 1 Panel Bus Stop Type 8,,,,-37.79700527,144.96762216850632,,,0,Bus Stops,1,1,,,,,,"{""coordinates"": [144.96762216850632, -37.79700526969341], ""type"": ""Point""}",0,14.17948582,32,Signage,Sign - Public Transport,38209,,106186,,Sign - Public Transport 1 Panel,1233409,20536,,P.16
1250709,21,"-37.79643544425749, 144.95105741007433",Sign - Public Transport 1 Panel Bus Stop Type 8,,,,-37.79643544,144.95105741007433,,,0,Bus Stops,1,1,,,,,,"{""coordinates"": [144.95105741007433, -37.79643544425749], ""type"": ""Point""}",0,41.43510194,1,Signage,Sign - Public Transport,7621,,104198,,Sign - Public Transport 1 Panel,1250709,20921,,P.16
1249807,21,"-37.79632349721997, 144.94669442099848",Sign - Public Transport 1 Panel Bus Stop Type 8,,,,-37.7963235,144.94669442099848,,,0,Bus Stops,1,1,,,,,,"{""coordinates"": [144.94669442099848, -37.79632349721997], ""type"": ""Point""}",0,10.89268323,359,Signage,Sign - Public Transport,11027,,500200,,Sign - Public Transport 1 Panel,1249807,21232,,P.16
1234412,21,"-37.79779448884971, 144.94406544679455",Sign - Public Transport 1 Panel Bus Stop Type 12,,,,-37.79779449,144.94406544679455,,,0,Bus Stops,1,1,,,,,,"{""coordinates"": [144.94406544679455, -37.79779448884971], ""type"": ""Point""}",0,10.68317055,95,Signage,Sign - Public Transport,18489,,108727,,Sign - Public Transport 1 Panel,1234412,21214,,P.16
1248470,21,"-37.80139083296643, 144.95672641628454",Sign - Public Transport 1 Panel Bus Stop Type 8,,,,-37.80139083,144.95672641628454,,,0,Bus Stops,1,1,,,,,,"{""coordinates"": [144.95672641628454, -37.80139083296643], ""type"": ""Point""}",0,21.69632172,213,Signage,Sign - Public Transport,19093,,107520,,Sign - Public Transport 1 Panel,1248470,20594,,P.16
1243923,21,"-37.78840737180099, 144.94100543358434",Sign - Public Transport 1 Panel Bus Stop Type 8,,,,-37.78840737,144.94100543358434,,,0,Bus Stops,1,1,,,,,,"{""coordinates"": [144.94100543358434, -37.78840737180099], ""type"": ""Point""}",0,34.55825279,22,Signage,Sign - Public Transport,24568,,101994,,Sign - Public Transport 1 Panel,1243923,22426,,P.16
1547409,21,"-37.797767642321304, 144.9741533290422",Sign - Public Transport 1 Panel Bus Stop Type 3,,,,-37.79776764,144.9741533290422,,,0,Bus Stops,1,1,,,,,,"{""coordinates"": [144.9741533290422, -37.797767642321304], ""type"": ""Point""}",0,29.23997683,241,Signage,Sign - Public Transport,29611,,103052,,Sign - Public Transport 1 Panel,1547409,20597,,P.16
1479412,21,"-37.8026621513541, 144.96975397673893",Sign - Public Transport 1 Panel Bus Stop Type 3,,,,-37.80266215,144.96975397673893,,,0,Bus Stops,1,1,,,,,,"{""coordinates"": [144.96975397673893, -37.8026621513541], ""type"": ""Point""}",0,46.16875812,120,Signage,Sign - Public Transport,30149,,528461,,Sign - Public Transport 1 Panel,1479412,20558,,P.16
1257172,21,"-37.80581892901135, 144.95574943791024",Sign - Public Transport 1 Panel Bus Stop Type 8,,,,-37.80581893,144.95574943791024,,,0,Bus Stops,1,1,,,,,,"{""coordinates"": [144.95574943791024, -37.80581892901135], ""type"": ""Point""}",0,13.61319889,118,Signage,Sign - Public Transport,33808,,109829,,Sign - Public Transport 1 Panel,1257172,20953,,P.16
1249773,21,"-37.795242474806884, 144.94679942011058",Sign - Public Transport 1 Panel Bus Stop Type 8,,,,-37.79524247,144.94679942011058,,,0,Bus Stops,1,1,,,,,,"{""coordinates"": [144.94679942011058, -37.795242474806884], ""type"": ""Point""}",0,18.06322576,225,Signage,Sign - Public Transport,34067,,100076,,Sign - Public Transport 1 Panel,1249773,21232,,P.16
1244488,21,"-37.77697303920087, 144.94970928774234",Sign - Public Transport 1 Panel Bus Stop Type 8,,,,-37.77697304,144.94970928774234,,,0,Bus Stops,1,1,,,,,,"{""coordinates"": [144.94970928774234, -37.77697303920087], ""type"": ""Point""}",0,36.15520837,163,Signage,Sign - Public Transport,35126,,639767,,Sign - Public Transport 1 Panel,1244488,30708,,P.16
1579927,21,"-37.79575422957359, 144.95827417192294",Sign - Public Transport 1 Panel Bus Stop Type 1,,,,-37.79575423,144.95827417192294,,,0,Bus Stops,1,1,,,,,,"{""coordinates"": [144.95827417192294, -37.79575422957359], ""type"": ""Point""}",0,53.11278613,158,Signage,Sign - Public Transport,35677,,108456,,Sign - Public Transport 1 Panel,1579927,22603,,P.16
1576502,21,"-37.8010481279157, 144.9534576515341",Sign - Public Transport 1 Panel Bus Stop Type 1,,,,-37.80104813,144.9534576515341,,,0,Bus Stops,1,1,,,,,,"{""coordinates"": [144.9534576515341, -37.8010481279157], ""type"": ""Point""}",0,24.9969919,38,Signage,Sign - Public Transport,40039,,110262,,Sign - Public Transport 1 Panel,1576502,21124,,P.16
1479404,21,"-37.804610872159635, 144.9691537208721",Sign - Public Transport 1 Panel Bus Stop Type 3,,,,-37.80461087,144.9691537208721,,,0,Bus Stops,1,1,,,,,,"{""coordinates"": [144.9691537208721, -37.804610872159635], ""type"": ""Point""}",0,4.34256802,143,Signage,Sign - Public Transport,42881,,108156,,Sign - Public Transport 1 Panel,1479404,20556,,P.16
1247562,21,"-37.79755334862349, 144.97488727650415",Sign - Public Transport 1 Panel Bus Stop Type 8,,,,-37.79755335,144.97488727650415,,,0,Bus Stops,1,1,,,,,,"{""coordinates"": [144.97488727650415, -37.79755334862349], ""type"": ""Point""}",0,75.22761474,225,Signage,Sign - Public Transport,44401,,511049,,Sign - Public Transport 1 Panel,1247562,20880,,P.16
1575589,21,"-37.8000216853513, 144.9595076126765",Sign - Public Transport 1 Panel Bus Stop Type 1,,,,-37.80002169,144.9595076126765,,,0,Bus Stops,1,1,,,,,,"{""coordinates"": [144.9595076126765, -37.8000216853513], ""type"": ""Point""}",0,29.30671836,303,Signage,Sign - Public Transport,14552,,502495,,Sign - Public Transport 1 Panel,1575589,20850,,P.16
1247850,21,"-37.79412517227246, 144.96802316787404",Sign - Public Transport 1 Panel Bus Stop Type 8,,,,-37.79412517,144.96802316787404,,,0,Bus Stops,1,1,,,,,,"{""coordinates"": [144.96802316787404, -37.79412517227246], ""type"": ""Point""}",0,43.65971255,133,Signage,Sign - Public Transport,19137,,522611,,Sign - Public Transport 1 Panel,1247850,20538,,P.16
1252370,21,"-37.779366174108, 144.9599419065271",Sign - Public Transport 1 Panel Bus Stop Type 8,,,,-37.77936617,144.9599419065271,,,0,Bus Stops,1,1,,,,,,"{""coordinates"": [144.9599419065271, -37.779366174108], ""type"": ""Point""}",0,20.52678048,180,Signage,Sign - Public Transport,42321,,108524,,Sign - Public Transport 1 Panel,1252370,22393,,P.16
1249797,21,"-37.794951472118605, 144.9469434142297",Sign - Public Transport 1 Panel Bus Stop Type 8,,,,-37.79495147,144.9469434142297,,,0,Bus Stops,1,1,,,,,,"{""coordinates"": [144.9469434142297, -37.794951472118605], ""type"": ""Point""}",0,10.60437815,6,Signage,Sign - Public Transport,42849,,568083,,Sign - Public Transport 1 Panel,1249797,21235,,P.16
1252383,21,"-37.78188915501449, 144.95963193312105",Sign - Public Transport 1 Panel Bus Stop Type 8,,,,-37.78188916,144.95963193312105,,,0,Bus Stops,1,1,,,,,,"{""coordinates"": [144.95963193312105, -37.78188915501449], ""type"": ""Point""}",0,25.26964339,212,Signage,Sign - Public Transport,2143,,108510,,Sign - Public Transport 1 Panel,1252383,22387,,P.16
1240877,21,"-37.797326843071275, 144.97009551587823",Sign - Public Transport 1 Panel Bus Stop Type 3,,,,-37.79732684,144.97009551587823,,,0,Bus Stops,1,1,,,,,,"{""coordinates"": [144.97009551587823, -37.797326843071275], ""type"": ""Point""}",0,3.89843097,117,Signage,Sign - Public Transport,27502,,511185,,Sign - Public Transport 1 Panel,1240877,20817,,P.16
1233403,21,"-37.795862870670625, 144.97092135820924",Sign - Public Transport 1 Panel Bus Stop Type 3,,,,-37.79586287,144.97092135820924,,,0,Bus Stops,1,1,,,,,,"{""coordinates"": [144.97092135820924, -37.795862870670625], ""type"": ""Point""}",0,3.07870395,7,Signage,Sign - Public Transport,30678,,108238,,Sign - Public Transport 1 Panel,1233403,20567,,P.16
1244569,21,"-37.78068129995275, 144.95126818156393",Sign - Public Transport 1 Panel Bus Stop Type 8,,,,-37.7806813,144.95126818156393,,,0,Bus Stops,1,1,,,,,,"{""coordinates"": [144.95126818156393, -37.78068129995275], ""type"": ""Point""}",0,70.43672599,308,Signage,Sign - Public Transport,31742,,111342,,Sign - Public Transport 1 Panel,1244569,30708,,P.16
